default,00:00:00.010,0.01,00:00:02.060,2.06,00:00:02.050,2.05,2,/home/linlincheng/Gaze_estimation/gaze-automated-annotation/Lin_check/33001_sessie1_taskrobotEngagement.eaf
default,00:00:02.090,2.09,00:00:04.490,4.49,00:00:02.400,2.4,1,/home/linlincheng/Gaze_estimation/gaze-automated-annotation/Lin_check/33001_sessie1_taskrobotEngagement.eaf
default,00:00:04.510,4.51,00:00:08.030,8.03,00:00:03.520,3.52,2,/home/linlincheng/Gaze_estimation/gaze-automated-annotation/Lin_check/33001_sessie1_taskrobotEngagement.eaf
default,00:00:08.090,8.09,00:00:18.230,18.23,00:00:10.140,10.14,1,/home/linlincheng/Gaze_estimation/gaze-automated-annotation/Lin_check/33001_sessie1_taskrobotEngagement.eaf
default,00:00:18.240,18.24,00:00:22.500,22.5,00:00:04.260,4.26,2,/home/linlincheng/Gaze_estimation/gaze-automated-annotation/Lin_check/33001_sessie1_taskrobotEngagement.eaf
default,00:00:22.520,22.52,00:00:27.540,27.54,00:00:05.020,5.02,1,/home/linlincheng/Gaze_estimation/gaze-automated-annotation/Lin_check/33001_sessie1_taskrobotEngagement.eaf
default,00:00:27.580,27.58,00:00:29.100,29.1,00:00:01.520,1.52,2,/home/linlincheng/Gaze_estimation/gaze-automated-annotation/Lin_check/33001_sessie1_taskrobotEngagement.eaf
default,00:00:29.150,29.15,00:00:33.050,33.05,00:00:03.900,3.9,1,/home/linlincheng/Gaze_estimation/gaze-automated-annotation/Lin_check/33001_sessie1_taskrobotEngagement.eaf
default,00:00:33.100,33.1,00:00:35.760,35.76,00:00:02.660,2.66,2,/home/linlincheng/Gaze_estimation/gaze-automated-annotation/Lin_check/33001_sessie1_taskrobotEngagement.eaf
default,00:00:35.780,35.78,00:00:40.930,40.93,00:00:05.150,5.15,1,/home/linlincheng/Gaze_estimation/gaze-automated-annotation/Lin_check/33001_sessie1_taskrobotEngagement.eaf
default,00:00:40.970,40.97,00:00:42.420,42.42,00:00:01.450,1.45,2,/home/linlincheng/Gaze_estimation/gaze-automated-annotation/Lin_check/33001_sessie1_taskrobotEngagement.eaf
default,00:00:42.420,42.42,00:00:47.620,47.62,00:00:05.200,5.2,1,/home/linlincheng/Gaze_estimation/gaze-automated-annotation/Lin_check/33001_sessie1_taskrobotEngagement.eaf
default,00:00:47.640,47.64,00:00:49.270,49.27,00:00:01.630,1.63,2,/home/linlincheng/Gaze_estimation/gaze-automated-annotation/Lin_check/33001_sessie1_taskrobotEngagement.eaf
default,00:00:49.300,49.3,00:00:53.000,53.0,00:00:03.700,3.7,1,/home/linlincheng/Gaze_estimation/gaze-automated-annotation/Lin_check/33001_sessie1_taskrobotEngagement.eaf
default,00:00:53.070,53.07,00:00:56.240,56.24,00:00:03.170,3.17,2,/home/linlincheng/Gaze_estimation/gaze-automated-annotation/Lin_check/33001_sessie1_taskrobotEngagement.eaf
default,00:00:56.240,56.24,00:01:03.020,63.02,00:00:06.780,6.78,1,/home/linlincheng/Gaze_estimation/gaze-automated-annotation/Lin_check/33001_sessie1_taskrobotEngagement.eaf
default,00:01:03.160,63.16,00:01:05.940,65.94,00:00:02.780,2.78,2,/home/linlincheng/Gaze_estimation/gaze-automated-annotation/Lin_check/33001_sessie1_taskrobotEngagement.eaf
default,00:01:05.980,65.98,00:01:12.530,72.53,00:00:06.550,6.55,1,/home/linlincheng/Gaze_estimation/gaze-automated-annotation/Lin_check/33001_sessie1_taskrobotEngagement.eaf
default,00:01:12.540,72.54,00:01:15.780,75.78,00:00:03.240,3.24,2,/home/linlincheng/Gaze_estimation/gaze-automated-annotation/Lin_check/33001_sessie1_taskrobotEngagement.eaf
default,00:01:15.790,75.79,00:01:17.880,77.88,00:00:02.090,2.09,3,/home/linlincheng/Gaze_estimation/gaze-automated-annotation/Lin_check/33001_sessie1_taskrobotEngagement.eaf
default,00:01:17.910,77.91,00:01:19.340,79.34,00:00:01.430,1.43,2,/home/linlincheng/Gaze_estimation/gaze-automated-annotation/Lin_check/33001_sessie1_taskrobotEngagement.eaf
default,00:01:19.460,79.46,00:01:21.890,81.89,00:00:02.430,2.43,1,/home/linlincheng/Gaze_estimation/gaze-automated-annotation/Lin_check/33001_sessie1_taskrobotEngagement.eaf
default,00:01:21.990,81.99,00:01:22.530,82.53,00:00:00.540,0.54,2,/home/linlincheng/Gaze_estimation/gaze-automated-annotation/Lin_check/33001_sessie1_taskrobotEngagement.eaf
default,00:01:22.550,82.55,00:01:23.080,83.08,00:00:00.530,0.53,4,/home/linlincheng/Gaze_estimation/gaze-automated-annotation/Lin_check/33001_sessie1_taskrobotEngagement.eaf
default,00:01:23.110,83.11,00:01:26.480,86.48,00:00:03.370,3.37,1,/home/linlincheng/Gaze_estimation/gaze-automated-annotation/Lin_check/33001_sessie1_taskrobotEngagement.eaf
default,00:01:26.610,86.61,00:01:30.960,90.96,00:00:04.350,4.35,2,/home/linlincheng/Gaze_estimation/gaze-automated-annotation/Lin_check/33001_sessie1_taskrobotEngagement.eaf
default,00:01:31.000,91.0,00:01:32.660,92.66,00:00:01.660,1.66,1,/home/linlincheng/Gaze_estimation/gaze-automated-annotation/Lin_check/33001_sessie1_taskrobotEngagement.eaf
default,00:01:32.710,92.71,00:01:33.170,93.17,00:00:00.460,0.46,2,/home/linlincheng/Gaze_estimation/gaze-automated-annotation/Lin_check/33001_sessie1_taskrobotEngagement.eaf
default,00:01:33.220,93.22,00:01:34.000,94.0,00:00:00.780,0.78,1,/home/linlincheng/Gaze_estimation/gaze-automated-annotation/Lin_check/33001_sessie1_taskrobotEngagement.eaf
default,00:01:34.010,94.01,00:01:34.610,94.61,00:00:00.600,0.6,2,/home/linlincheng/Gaze_estimation/gaze-automated-annotation/Lin_check/33001_sessie1_taskrobotEngagement.eaf
default,00:01:34.640,94.64,00:01:35.430,95.43,00:00:00.790,0.79,1,/home/linlincheng/Gaze_estimation/gaze-automated-annotation/Lin_check/33001_sessie1_taskrobotEngagement.eaf
default,00:01:35.440,95.44,00:01:43.860,103.86,00:00:08.420,8.42,2,/home/linlincheng/Gaze_estimation/gaze-automated-annotation/Lin_check/33001_sessie1_taskrobotEngagement.eaf
default,00:01:43.950,103.95,00:01:45.860,105.86,00:00:01.910,1.91,1,/home/linlincheng/Gaze_estimation/gaze-automated-annotation/Lin_check/33001_sessie1_taskrobotEngagement.eaf
default,00:01:45.890,105.89,00:01:47.230,107.23,00:00:01.340,1.34,2,/home/linlincheng/Gaze_estimation/gaze-automated-annotation/Lin_check/33001_sessie1_taskrobotEngagement.eaf
default,00:00:00.040,0.04,00:00:03.890,3.89,00:00:03.850,3.85,2,/home/linlincheng/Gaze_estimation/gaze-automated-annotation/Lin_check/33002_sessie1_taskrobotEngagement.eaf
default,00:00:03.940,3.94,00:00:07.070,7.07,00:00:03.130,3.13,1,/home/linlincheng/Gaze_estimation/gaze-automated-annotation/Lin_check/33002_sessie1_taskrobotEngagement.eaf
default,00:00:07.140,7.14,00:00:07.600,7.6,00:00:00.460,0.46,1,/home/linlincheng/Gaze_estimation/gaze-automated-annotation/Lin_check/33002_sessie1_taskrobotEngagement.eaf
default,00:00:07.690,7.69,00:00:13.580,13.58,00:00:05.890,5.89,3,/home/linlincheng/Gaze_estimation/gaze-automated-annotation/Lin_check/33002_sessie1_taskrobotEngagement.eaf
default,00:00:13.620,13.62,00:00:14.870,14.87,00:00:01.250,1.25,1,/home/linlincheng/Gaze_estimation/gaze-automated-annotation/Lin_check/33002_sessie1_taskrobotEngagement.eaf
default,00:00:14.900,14.9,00:00:16.480,16.48,00:00:01.580,1.58,2,/home/linlincheng/Gaze_estimation/gaze-automated-annotation/Lin_check/33002_sessie1_taskrobotEngagement.eaf
default,00:00:16.510,16.51,00:00:17.100,17.1,00:00:00.590,0.59,1,/home/linlincheng/Gaze_estimation/gaze-automated-annotation/Lin_check/33002_sessie1_taskrobotEngagement.eaf
default,00:00:17.130,17.13,00:00:18.760,18.76,00:00:01.630,1.63,2,/home/linlincheng/Gaze_estimation/gaze-automated-annotation/Lin_check/33002_sessie1_taskrobotEngagement.eaf
default,00:00:18.790,18.79,00:00:25.890,25.89,00:00:07.100,7.1,2,/home/linlincheng/Gaze_estimation/gaze-automated-annotation/Lin_check/33002_sessie1_taskrobotEngagement.eaf
default,00:00:25.900,25.9,00:00:26.940,26.94,00:00:01.040,1.04,1,/home/linlincheng/Gaze_estimation/gaze-automated-annotation/Lin_check/33002_sessie1_taskrobotEngagement.eaf
default,00:00:26.960,26.96,00:00:28.270,28.27,00:00:01.310,1.31,2,/home/linlincheng/Gaze_estimation/gaze-automated-annotation/Lin_check/33002_sessie1_taskrobotEngagement.eaf
default,00:00:28.330,28.33,00:00:28.780,28.78,00:00:00.450,0.45,1,/home/linlincheng/Gaze_estimation/gaze-automated-annotation/Lin_check/33002_sessie1_taskrobotEngagement.eaf
default,00:00:28.820,28.82,00:00:31.970,31.97,00:00:03.150,3.15,2,/home/linlincheng/Gaze_estimation/gaze-automated-annotation/Lin_check/33002_sessie1_taskrobotEngagement.eaf
default,00:00:31.970,31.97,00:00:32.780,32.78,00:00:00.810,0.81,3,/home/linlincheng/Gaze_estimation/gaze-automated-annotation/Lin_check/33002_sessie1_taskrobotEngagement.eaf
default,00:00:32.780,32.78,00:00:34.350,34.35,00:00:01.570,1.57,1,/home/linlincheng/Gaze_estimation/gaze-automated-annotation/Lin_check/33002_sessie1_taskrobotEngagement.eaf
default,00:00:34.370,34.37,00:00:35.240,35.24,00:00:00.870,0.87,2,/home/linlincheng/Gaze_estimation/gaze-automated-annotation/Lin_check/33002_sessie1_taskrobotEngagement.eaf
default,00:00:35.280,35.28,00:00:36.670,36.67,00:00:01.390,1.39,1,/home/linlincheng/Gaze_estimation/gaze-automated-annotation/Lin_check/33002_sessie1_taskrobotEngagement.eaf
default,00:00:36.670,36.67,00:00:41.200,41.2,00:00:04.530,4.53,1,/home/linlincheng/Gaze_estimation/gaze-automated-annotation/Lin_check/33002_sessie1_taskrobotEngagement.eaf
default,00:00:41.250,41.25,00:00:43.580,43.58,00:00:02.330,2.33,2,/home/linlincheng/Gaze_estimation/gaze-automated-annotation/Lin_check/33002_sessie1_taskrobotEngagement.eaf
default,00:00:43.630,43.63,00:00:45.170,45.17,00:00:01.540,1.54,1,/home/linlincheng/Gaze_estimation/gaze-automated-annotation/Lin_check/33002_sessie1_taskrobotEngagement.eaf
default,00:00:45.180,45.18,00:00:46.940,46.94,00:00:01.760,1.76,1,/home/linlincheng/Gaze_estimation/gaze-automated-annotation/Lin_check/33002_sessie1_taskrobotEngagement.eaf
default,00:00:46.970,46.97,00:00:52.190,52.19,00:00:05.220,5.22,1,/home/linlincheng/Gaze_estimation/gaze-automated-annotation/Lin_check/33002_sessie1_taskrobotEngagement.eaf
default,00:00:52.200,52.2,00:01:04.380,64.38,00:00:12.180,12.18,1,/home/linlincheng/Gaze_estimation/gaze-automated-annotation/Lin_check/33002_sessie1_taskrobotEngagement.eaf
default,00:01:04.400,64.4,00:01:07.090,67.09,00:00:02.690,2.69,2,/home/linlincheng/Gaze_estimation/gaze-automated-annotation/Lin_check/33002_sessie1_taskrobotEngagement.eaf
default,00:01:07.110,67.11,00:01:08.960,68.96,00:00:01.850,1.85,2,/home/linlincheng/Gaze_estimation/gaze-automated-annotation/Lin_check/33002_sessie1_taskrobotEngagement.eaf
default,00:01:09.000,69.0,00:01:11.340,71.34,00:00:02.340,2.34,1,/home/linlincheng/Gaze_estimation/gaze-automated-annotation/Lin_check/33002_sessie1_taskrobotEngagement.eaf
default,00:01:11.370,71.37,00:01:13.250,73.25,00:00:01.880,1.88,2,/home/linlincheng/Gaze_estimation/gaze-automated-annotation/Lin_check/33002_sessie1_taskrobotEngagement.eaf
default,00:01:13.260,73.26,00:01:17.980,77.98,00:00:04.720,4.72,1,/home/linlincheng/Gaze_estimation/gaze-automated-annotation/Lin_check/33002_sessie1_taskrobotEngagement.eaf
default,00:01:17.980,77.98,00:01:18.970,78.97,00:00:00.990,0.99,2,/home/linlincheng/Gaze_estimation/gaze-automated-annotation/Lin_check/33002_sessie1_taskrobotEngagement.eaf
default,00:01:19.010,79.01,00:01:21.760,81.76,00:00:02.750,2.75,1,/home/linlincheng/Gaze_estimation/gaze-automated-annotation/Lin_check/33002_sessie1_taskrobotEngagement.eaf
default,00:00:00.060,0.06,00:00:08.160,8.16,00:00:08.100,8.1,1,/home/linlincheng/Gaze_estimation/gaze-automated-annotation/Lin_check/33003_sessie1_taskrobotEngagement.eaf
default,00:00:08.190,8.19,00:00:08.710,8.71,00:00:00.520,0.52,1,/home/linlincheng/Gaze_estimation/gaze-automated-annotation/Lin_check/33003_sessie1_taskrobotEngagement.eaf
default,00:00:08.730,8.73,00:00:09.650,9.65,00:00:00.920,0.92,0,/home/linlincheng/Gaze_estimation/gaze-automated-annotation/Lin_check/33003_sessie1_taskrobotEngagement.eaf
default,00:00:09.660,9.66,00:00:10.520,10.52,00:00:00.860,0.86,2,/home/linlincheng/Gaze_estimation/gaze-automated-annotation/Lin_check/33003_sessie1_taskrobotEngagement.eaf
default,00:00:10.570,10.57,00:00:11.790,11.79,00:00:01.220,1.22,1,/home/linlincheng/Gaze_estimation/gaze-automated-annotation/Lin_check/33003_sessie1_taskrobotEngagement.eaf
default,00:00:11.820,11.82,00:00:12.440,12.44,00:00:00.620,0.62,1,/home/linlincheng/Gaze_estimation/gaze-automated-annotation/Lin_check/33003_sessie1_taskrobotEngagement.eaf
default,00:00:12.480,12.48,00:00:16.900,16.9,00:00:04.420,4.42,2,/home/linlincheng/Gaze_estimation/gaze-automated-annotation/Lin_check/33003_sessie1_taskrobotEngagement.eaf
default,00:00:16.920,16.92,00:00:20.810,20.81,00:00:03.890,3.89,2,/home/linlincheng/Gaze_estimation/gaze-automated-annotation/Lin_check/33003_sessie1_taskrobotEngagement.eaf
default,00:00:20.830,20.83,00:00:25.480,25.48,00:00:04.650,4.65,4,/home/linlincheng/Gaze_estimation/gaze-automated-annotation/Lin_check/33003_sessie1_taskrobotEngagement.eaf
default,00:00:25.500,25.5,00:00:28.190,28.19,00:00:02.690,2.69,3,/home/linlincheng/Gaze_estimation/gaze-automated-annotation/Lin_check/33003_sessie1_taskrobotEngagement.eaf
default,00:00:28.200,28.2,00:00:37.740,37.74,00:00:09.540,9.54,1,/home/linlincheng/Gaze_estimation/gaze-automated-annotation/Lin_check/33003_sessie1_taskrobotEngagement.eaf
default,00:00:37.740,37.74,00:00:47.030,47.03,00:00:09.290,9.29,1,/home/linlincheng/Gaze_estimation/gaze-automated-annotation/Lin_check/33003_sessie1_taskrobotEngagement.eaf
default,00:00:47.040,47.04,00:00:52.840,52.84,00:00:05.800,5.8,1,/home/linlincheng/Gaze_estimation/gaze-automated-annotation/Lin_check/33003_sessie1_taskrobotEngagement.eaf
default,00:00:52.870,52.87,00:00:53.970,53.97,00:00:01.100,1.1,1,/home/linlincheng/Gaze_estimation/gaze-automated-annotation/Lin_check/33003_sessie1_taskrobotEngagement.eaf
default,00:00:54.000,54.0,00:00:58.470,58.47,00:00:04.470,4.47,3,/home/linlincheng/Gaze_estimation/gaze-automated-annotation/Lin_check/33003_sessie1_taskrobotEngagement.eaf
default,00:00:58.480,58.48,00:00:58.870,58.87,00:00:00.390,0.39,1,/home/linlincheng/Gaze_estimation/gaze-automated-annotation/Lin_check/33003_sessie1_taskrobotEngagement.eaf
default,00:00:58.870,58.87,00:01:01.500,61.5,00:00:02.630,2.63,3,/home/linlincheng/Gaze_estimation/gaze-automated-annotation/Lin_check/33003_sessie1_taskrobotEngagement.eaf
default,00:01:01.530,61.53,00:01:03.090,63.09,00:00:01.560,1.56,1,/home/linlincheng/Gaze_estimation/gaze-automated-annotation/Lin_check/33003_sessie1_taskrobotEngagement.eaf
default,00:01:03.180,63.18,00:01:09.750,69.75,00:00:06.570,6.57,1,/home/linlincheng/Gaze_estimation/gaze-automated-annotation/Lin_check/33003_sessie1_taskrobotEngagement.eaf
default,00:01:09.760,69.76,00:01:18.080,78.08,00:00:08.320,8.32,2,/home/linlincheng/Gaze_estimation/gaze-automated-annotation/Lin_check/33003_sessie1_taskrobotEngagement.eaf
default,00:01:18.150,78.15,00:01:20.740,80.74,00:00:02.590,2.59,3,/home/linlincheng/Gaze_estimation/gaze-automated-annotation/Lin_check/33003_sessie1_taskrobotEngagement.eaf
default,00:01:20.750,80.75,00:01:23.070,83.07,00:00:02.320,2.32,1,/home/linlincheng/Gaze_estimation/gaze-automated-annotation/Lin_check/33003_sessie1_taskrobotEngagement.eaf
default,00:01:23.080,83.08,00:01:25.440,85.44,00:00:02.360,2.36,2,/home/linlincheng/Gaze_estimation/gaze-automated-annotation/Lin_check/33003_sessie1_taskrobotEngagement.eaf
default,00:01:25.460,85.46,00:01:32.270,92.27,00:00:06.810,6.81,1,/home/linlincheng/Gaze_estimation/gaze-automated-annotation/Lin_check/33003_sessie1_taskrobotEngagement.eaf
default,00:01:32.310,92.31,00:01:34.530,94.53,00:00:02.220,2.22,4,/home/linlincheng/Gaze_estimation/gaze-automated-annotation/Lin_check/33003_sessie1_taskrobotEngagement.eaf
default,00:01:34.540,94.54,00:01:35.200,95.2,00:00:00.660,0.66,2,/home/linlincheng/Gaze_estimation/gaze-automated-annotation/Lin_check/33003_sessie1_taskrobotEngagement.eaf
default,00:01:35.200,95.2,00:01:35.300,95.3,00:00:00.100,0.1,2,/home/linlincheng/Gaze_estimation/gaze-automated-annotation/Lin_check/33003_sessie1_taskrobotEngagement.eaf
default,00:01:35.340,95.34,00:01:36.000,96.0,00:00:00.660,0.66,1,/home/linlincheng/Gaze_estimation/gaze-automated-annotation/Lin_check/33003_sessie1_taskrobotEngagement.eaf
default,00:01:36.030,96.03,00:01:36.440,96.44,00:00:00.410,0.41,3,/home/linlincheng/Gaze_estimation/gaze-automated-annotation/Lin_check/33003_sessie1_taskrobotEngagement.eaf
default,00:01:36.450,96.45,00:01:37.960,97.96,00:00:01.510,1.51,1,/home/linlincheng/Gaze_estimation/gaze-automated-annotation/Lin_check/33003_sessie1_taskrobotEngagement.eaf
default,00:00:00.010,0.01,00:00:00.960,0.96,00:00:00.950,0.95,1,/home/linlincheng/Gaze_estimation/gaze-automated-annotation/Lin_check/33004_sessie1_taskrobotEngagement.eaf
default,00:00:00.980,0.98,00:00:01.460,1.46,00:00:00.480,0.48,2,/home/linlincheng/Gaze_estimation/gaze-automated-annotation/Lin_check/33004_sessie1_taskrobotEngagement.eaf
default,00:00:01.460,1.46,00:00:10.070,10.07,00:00:08.610,8.61,1,/home/linlincheng/Gaze_estimation/gaze-automated-annotation/Lin_check/33004_sessie1_taskrobotEngagement.eaf
default,00:00:10.100,10.1,00:00:11.970,11.97,00:00:01.870,1.87,2,/home/linlincheng/Gaze_estimation/gaze-automated-annotation/Lin_check/33004_sessie1_taskrobotEngagement.eaf
default,00:00:11.980,11.98,00:00:16.420,16.42,00:00:04.440,4.44,1,/home/linlincheng/Gaze_estimation/gaze-automated-annotation/Lin_check/33004_sessie1_taskrobotEngagement.eaf
default,00:00:16.470,16.47,00:00:19.060,19.06,00:00:02.590,2.59,2,/home/linlincheng/Gaze_estimation/gaze-automated-annotation/Lin_check/33004_sessie1_taskrobotEngagement.eaf
default,00:00:19.080,19.08,00:00:28.300,28.3,00:00:09.220,9.22,2,/home/linlincheng/Gaze_estimation/gaze-automated-annotation/Lin_check/33004_sessie1_taskrobotEngagement.eaf
default,00:00:28.340,28.34,00:00:35.700,35.7,00:00:07.360,7.36,2,/home/linlincheng/Gaze_estimation/gaze-automated-annotation/Lin_check/33004_sessie1_taskrobotEngagement.eaf
default,00:00:35.750,35.75,00:00:37.460,37.46,00:00:01.710,1.71,4,/home/linlincheng/Gaze_estimation/gaze-automated-annotation/Lin_check/33004_sessie1_taskrobotEngagement.eaf
default,00:00:37.480,37.48,00:00:37.740,37.74,00:00:00.260,0.26,2,/home/linlincheng/Gaze_estimation/gaze-automated-annotation/Lin_check/33004_sessie1_taskrobotEngagement.eaf
default,00:00:37.750,37.75,00:00:38.130,38.13,00:00:00.380,0.38,1,/home/linlincheng/Gaze_estimation/gaze-automated-annotation/Lin_check/33004_sessie1_taskrobotEngagement.eaf
default,00:00:38.140,38.14,00:00:38.870,38.87,00:00:00.730,0.73,2,/home/linlincheng/Gaze_estimation/gaze-automated-annotation/Lin_check/33004_sessie1_taskrobotEngagement.eaf
default,00:00:38.870,38.87,00:00:42.170,42.17,00:00:03.300,3.3,1,/home/linlincheng/Gaze_estimation/gaze-automated-annotation/Lin_check/33004_sessie1_taskrobotEngagement.eaf
default,00:00:42.190,42.19,00:00:43.520,43.52,00:00:01.330,1.33,2,/home/linlincheng/Gaze_estimation/gaze-automated-annotation/Lin_check/33004_sessie1_taskrobotEngagement.eaf
default,00:00:43.530,43.53,00:00:43.870,43.87,00:00:00.340,0.34,1,/home/linlincheng/Gaze_estimation/gaze-automated-annotation/Lin_check/33004_sessie1_taskrobotEngagement.eaf
default,00:00:43.900,43.9,00:00:45.080,45.08,00:00:01.180,1.18,2,/home/linlincheng/Gaze_estimation/gaze-automated-annotation/Lin_check/33004_sessie1_taskrobotEngagement.eaf
default,00:00:45.120,45.12,00:00:47.500,47.5,00:00:02.380,2.38,1,/home/linlincheng/Gaze_estimation/gaze-automated-annotation/Lin_check/33004_sessie1_taskrobotEngagement.eaf
default,00:00:47.500,47.5,00:00:48.750,48.75,00:00:01.250,1.25,2,/home/linlincheng/Gaze_estimation/gaze-automated-annotation/Lin_check/33004_sessie1_taskrobotEngagement.eaf
default,00:00:48.770,48.77,00:00:49.240,49.24,00:00:00.470,0.47,1,/home/linlincheng/Gaze_estimation/gaze-automated-annotation/Lin_check/33004_sessie1_taskrobotEngagement.eaf
default,00:00:49.240,49.24,00:00:50.180,50.18,00:00:00.940,0.94,2,/home/linlincheng/Gaze_estimation/gaze-automated-annotation/Lin_check/33004_sessie1_taskrobotEngagement.eaf
default,00:00:50.210,50.21,00:00:50.990,50.99,00:00:00.780,0.78,3,/home/linlincheng/Gaze_estimation/gaze-automated-annotation/Lin_check/33004_sessie1_taskrobotEngagement.eaf
default,00:00:51.010,51.01,00:00:51.790,51.79,00:00:00.780,0.78,1,/home/linlincheng/Gaze_estimation/gaze-automated-annotation/Lin_check/33004_sessie1_taskrobotEngagement.eaf
default,00:00:51.820,51.82,00:00:52.620,52.62,00:00:00.800,0.8,3,/home/linlincheng/Gaze_estimation/gaze-automated-annotation/Lin_check/33004_sessie1_taskrobotEngagement.eaf
default,00:00:52.620,52.62,00:00:54.440,54.44,00:00:01.820,1.82,1,/home/linlincheng/Gaze_estimation/gaze-automated-annotation/Lin_check/33004_sessie1_taskrobotEngagement.eaf
default,00:00:54.480,54.48,00:00:56.680,56.68,00:00:02.200,2.2,2,/home/linlincheng/Gaze_estimation/gaze-automated-annotation/Lin_check/33004_sessie1_taskrobotEngagement.eaf
default,00:00:56.690,56.69,00:00:58.870,58.87,00:00:02.180,2.18,1,/home/linlincheng/Gaze_estimation/gaze-automated-annotation/Lin_check/33004_sessie1_taskrobotEngagement.eaf
default,00:00:58.950,58.95,00:01:02.770,62.77,00:00:03.820,3.82,1,/home/linlincheng/Gaze_estimation/gaze-automated-annotation/Lin_check/33004_sessie1_taskrobotEngagement.eaf
default,00:01:02.810,62.81,00:01:10.620,70.62,00:00:07.810,7.81,1,/home/linlincheng/Gaze_estimation/gaze-automated-annotation/Lin_check/33004_sessie1_taskrobotEngagement.eaf
default,00:01:10.680,70.68,00:01:19.900,79.9,00:00:09.220,9.22,1,/home/linlincheng/Gaze_estimation/gaze-automated-annotation/Lin_check/33004_sessie1_taskrobotEngagement.eaf
default,00:01:19.940,79.94,00:01:20.780,80.78,00:00:00.840,0.84,2,/home/linlincheng/Gaze_estimation/gaze-automated-annotation/Lin_check/33004_sessie1_taskrobotEngagement.eaf
default,00:01:20.820,80.82,00:01:21.760,81.76,00:00:00.940,0.94,1,/home/linlincheng/Gaze_estimation/gaze-automated-annotation/Lin_check/33004_sessie1_taskrobotEngagement.eaf
default,00:01:21.790,81.79,00:01:23.690,83.69,00:00:01.900,1.9,2,/home/linlincheng/Gaze_estimation/gaze-automated-annotation/Lin_check/33004_sessie1_taskrobotEngagement.eaf
default,00:01:23.900,83.9,00:01:25.810,85.81,00:00:01.910,1.91,1,/home/linlincheng/Gaze_estimation/gaze-automated-annotation/Lin_check/33004_sessie1_taskrobotEngagement.eaf
default,00:01:25.840,85.84,00:01:27.050,87.05,00:00:01.210,1.21,4,/home/linlincheng/Gaze_estimation/gaze-automated-annotation/Lin_check/33004_sessie1_taskrobotEngagement.eaf
default,00:01:27.110,87.11,00:01:33.040,93.04,00:00:05.930,5.93,4,/home/linlincheng/Gaze_estimation/gaze-automated-annotation/Lin_check/33004_sessie1_taskrobotEngagement.eaf
default,00:01:33.060,93.06,00:01:35.810,95.81,00:00:02.750,2.75,3,/home/linlincheng/Gaze_estimation/gaze-automated-annotation/Lin_check/33004_sessie1_taskrobotEngagement.eaf
default,00:01:35.820,95.82,00:01:38.410,98.41,00:00:02.590,2.59,1,/home/linlincheng/Gaze_estimation/gaze-automated-annotation/Lin_check/33004_sessie1_taskrobotEngagement.eaf
default,00:01:38.460,98.46,00:01:44.820,104.82,00:00:06.360,6.36,4,/home/linlincheng/Gaze_estimation/gaze-automated-annotation/Lin_check/33004_sessie1_taskrobotEngagement.eaf
default,00:01:44.820,104.82,00:01:54.890,114.89,00:00:10.070,10.07,4,/home/linlincheng/Gaze_estimation/gaze-automated-annotation/Lin_check/33004_sessie1_taskrobotEngagement.eaf
default,00:01:54.960,114.96,00:01:56.810,116.81,00:00:01.850,1.85,1,/home/linlincheng/Gaze_estimation/gaze-automated-annotation/Lin_check/33004_sessie1_taskrobotEngagement.eaf
default,00:01:56.820,116.82,00:01:58.620,118.62,00:00:01.800,1.8,1,/home/linlincheng/Gaze_estimation/gaze-automated-annotation/Lin_check/33004_sessie1_taskrobotEngagement.eaf
default,00:01:58.620,118.62,00:02:03.630,123.63,00:00:05.010,5.01,2,/home/linlincheng/Gaze_estimation/gaze-automated-annotation/Lin_check/33004_sessie1_taskrobotEngagement.eaf
default,00:02:03.650,123.65,00:02:06.800,126.8,00:00:03.150,3.15,1,/home/linlincheng/Gaze_estimation/gaze-automated-annotation/Lin_check/33004_sessie1_taskrobotEngagement.eaf
default,00:02:06.800,126.8,00:02:08.150,128.15,00:00:01.350,1.35,2,/home/linlincheng/Gaze_estimation/gaze-automated-annotation/Lin_check/33004_sessie1_taskrobotEngagement.eaf
default,00:02:08.150,128.15,00:02:09.440,129.44,00:00:01.290,1.29,1,/home/linlincheng/Gaze_estimation/gaze-automated-annotation/Lin_check/33004_sessie1_taskrobotEngagement.eaf
default,00:02:09.450,129.45,00:02:10.720,130.72,00:00:01.270,1.27,2,/home/linlincheng/Gaze_estimation/gaze-automated-annotation/Lin_check/33004_sessie1_taskrobotEngagement.eaf
default,00:02:10.740,130.74,00:02:15.170,135.17,00:00:04.430,4.43,4,/home/linlincheng/Gaze_estimation/gaze-automated-annotation/Lin_check/33004_sessie1_taskrobotEngagement.eaf
default,00:02:15.170,135.17,00:02:20.080,140.08,00:00:04.910,4.91,1,/home/linlincheng/Gaze_estimation/gaze-automated-annotation/Lin_check/33004_sessie1_taskrobotEngagement.eaf
default,00:00:00.090,0.09,00:00:04.560,4.56,00:00:04.470,4.47,2,/home/linlincheng/Gaze_estimation/gaze-automated-annotation/Lin_check/33005_sessie1_taskrobotEngagement.eaf
default,00:00:04.580,4.58,00:00:10.240,10.24,00:00:05.660,5.66,1,/home/linlincheng/Gaze_estimation/gaze-automated-annotation/Lin_check/33005_sessie1_taskrobotEngagement.eaf
default,00:00:10.240,10.24,00:00:11.720,11.72,00:00:01.480,1.48,2,/home/linlincheng/Gaze_estimation/gaze-automated-annotation/Lin_check/33005_sessie1_taskrobotEngagement.eaf
default,00:00:11.750,11.75,00:00:16.340,16.34,00:00:04.590,4.59,1,/home/linlincheng/Gaze_estimation/gaze-automated-annotation/Lin_check/33005_sessie1_taskrobotEngagement.eaf
default,00:00:16.340,16.34,00:00:19.120,19.12,00:00:02.780,2.78,2,/home/linlincheng/Gaze_estimation/gaze-automated-annotation/Lin_check/33005_sessie1_taskrobotEngagement.eaf
default,00:00:19.170,19.17,00:00:21.140,21.14,00:00:01.970,1.97,4,/home/linlincheng/Gaze_estimation/gaze-automated-annotation/Lin_check/33005_sessie1_taskrobotEngagement.eaf
default,00:00:21.160,21.16,00:00:27.930,27.93,00:00:06.770,6.77,4,/home/linlincheng/Gaze_estimation/gaze-automated-annotation/Lin_check/33005_sessie1_taskrobotEngagement.eaf
default,00:00:27.940,27.94,00:00:29.100,29.1,00:00:01.160,1.16,1,/home/linlincheng/Gaze_estimation/gaze-automated-annotation/Lin_check/33005_sessie1_taskrobotEngagement.eaf
default,00:00:29.290,29.29,00:00:37.700,37.7,00:00:08.410,8.41,2,/home/linlincheng/Gaze_estimation/gaze-automated-annotation/Lin_check/33005_sessie1_taskrobotEngagement.eaf
default,00:00:37.710,37.71,00:00:39.890,39.89,00:00:02.180,2.18,1,/home/linlincheng/Gaze_estimation/gaze-automated-annotation/Lin_check/33005_sessie1_taskrobotEngagement.eaf
default,00:00:40.000,40.0,00:00:42.140,42.14,00:00:02.140,2.14,2,/home/linlincheng/Gaze_estimation/gaze-automated-annotation/Lin_check/33005_sessie1_taskrobotEngagement.eaf
default,00:00:42.160,42.16,00:00:44.450,44.45,00:00:02.290,2.29,4,/home/linlincheng/Gaze_estimation/gaze-automated-annotation/Lin_check/33005_sessie1_taskrobotEngagement.eaf
default,00:00:44.470,44.47,00:00:47.830,47.83,00:00:03.360,3.36,2,/home/linlincheng/Gaze_estimation/gaze-automated-annotation/Lin_check/33005_sessie1_taskrobotEngagement.eaf
default,00:00:47.850,47.85,00:00:51.330,51.33,00:00:03.480,3.48,1,/home/linlincheng/Gaze_estimation/gaze-automated-annotation/Lin_check/33005_sessie1_taskrobotEngagement.eaf
default,00:00:51.330,51.33,00:00:56.230,56.23,00:00:04.900,4.9,2,/home/linlincheng/Gaze_estimation/gaze-automated-annotation/Lin_check/33005_sessie1_taskrobotEngagement.eaf
default,00:00:56.230,56.23,00:00:58.530,58.53,00:00:02.300,2.3,1,/home/linlincheng/Gaze_estimation/gaze-automated-annotation/Lin_check/33005_sessie1_taskrobotEngagement.eaf
default,00:00:58.590,58.59,00:01:05.130,65.13,00:00:06.540,6.54,2,/home/linlincheng/Gaze_estimation/gaze-automated-annotation/Lin_check/33005_sessie1_taskrobotEngagement.eaf
default,00:01:05.170,65.17,00:01:07.350,67.35,00:00:02.180,2.18,4,/home/linlincheng/Gaze_estimation/gaze-automated-annotation/Lin_check/33005_sessie1_taskrobotEngagement.eaf
default,00:01:07.370,67.37,00:01:08.110,68.11,00:00:00.740,0.74,2,/home/linlincheng/Gaze_estimation/gaze-automated-annotation/Lin_check/33005_sessie1_taskrobotEngagement.eaf
default,00:01:08.110,68.11,00:01:14.680,74.68,00:00:06.570,6.57,2,/home/linlincheng/Gaze_estimation/gaze-automated-annotation/Lin_check/33005_sessie1_taskrobotEngagement.eaf
default,00:01:14.710,74.71,00:01:17.220,77.22,00:00:02.510,2.51,1,/home/linlincheng/Gaze_estimation/gaze-automated-annotation/Lin_check/33005_sessie1_taskrobotEngagement.eaf
default,00:01:17.250,77.25,00:01:24.970,84.97,00:00:07.720,7.72,2,/home/linlincheng/Gaze_estimation/gaze-automated-annotation/Lin_check/33005_sessie1_taskrobotEngagement.eaf
default,00:01:24.990,84.99,00:01:25.750,85.75,00:00:00.760,0.76,1,/home/linlincheng/Gaze_estimation/gaze-automated-annotation/Lin_check/33005_sessie1_taskrobotEngagement.eaf
default,00:01:25.780,85.78,00:01:26.790,86.79,00:00:01.010,1.01,3,/home/linlincheng/Gaze_estimation/gaze-automated-annotation/Lin_check/33005_sessie1_taskrobotEngagement.eaf
default,00:01:26.840,86.84,00:01:28.470,88.47,00:00:01.630,1.63,1,/home/linlincheng/Gaze_estimation/gaze-automated-annotation/Lin_check/33005_sessie1_taskrobotEngagement.eaf
default,00:00:00.060,0.06,00:00:05.570,5.57,00:00:05.510,5.51,1,/home/linlincheng/Gaze_estimation/gaze-automated-annotation/Lin_check/33006_sessie1_taskrobotEngagement.eaf
default,00:00:05.600,5.6,00:00:10.210,10.21,00:00:04.610,4.61,2,/home/linlincheng/Gaze_estimation/gaze-automated-annotation/Lin_check/33006_sessie1_taskrobotEngagement.eaf
default,00:00:10.220,10.22,00:00:14.350,14.35,00:00:04.130,4.13,1,/home/linlincheng/Gaze_estimation/gaze-automated-annotation/Lin_check/33006_sessie1_taskrobotEngagement.eaf
default,00:00:14.390,14.39,00:00:20.120,20.12,00:00:05.730,5.73,2,/home/linlincheng/Gaze_estimation/gaze-automated-annotation/Lin_check/33006_sessie1_taskrobotEngagement.eaf
default,00:00:20.170,20.17,00:00:22.360,22.36,00:00:02.190,2.19,1,/home/linlincheng/Gaze_estimation/gaze-automated-annotation/Lin_check/33006_sessie1_taskrobotEngagement.eaf
default,00:00:22.380,22.38,00:00:25.690,25.69,00:00:03.310,3.31,1,/home/linlincheng/Gaze_estimation/gaze-automated-annotation/Lin_check/33006_sessie1_taskrobotEngagement.eaf
default,00:00:25.700,25.7,00:00:27.100,27.1,00:00:01.400,1.4,4,/home/linlincheng/Gaze_estimation/gaze-automated-annotation/Lin_check/33006_sessie1_taskrobotEngagement.eaf
default,00:00:27.120,27.12,00:00:27.840,27.84,00:00:00.720,0.72,2,/home/linlincheng/Gaze_estimation/gaze-automated-annotation/Lin_check/33006_sessie1_taskrobotEngagement.eaf
default,00:00:27.860,27.86,00:00:28.350,28.35,00:00:00.490,0.49,1,/home/linlincheng/Gaze_estimation/gaze-automated-annotation/Lin_check/33006_sessie1_taskrobotEngagement.eaf
default,00:00:28.350,28.35,00:00:32.490,32.49,00:00:04.140,4.14,2,/home/linlincheng/Gaze_estimation/gaze-automated-annotation/Lin_check/33006_sessie1_taskrobotEngagement.eaf
default,00:00:32.510,32.51,00:00:35.740,35.74,00:00:03.230,3.23,1,/home/linlincheng/Gaze_estimation/gaze-automated-annotation/Lin_check/33006_sessie1_taskrobotEngagement.eaf
default,00:00:35.890,35.89,00:00:39.890,39.89,00:00:04.000,4.0,2,/home/linlincheng/Gaze_estimation/gaze-automated-annotation/Lin_check/33006_sessie1_taskrobotEngagement.eaf
default,00:00:39.920,39.92,00:00:46.780,46.78,00:00:06.860,6.86,1,/home/linlincheng/Gaze_estimation/gaze-automated-annotation/Lin_check/33006_sessie1_taskrobotEngagement.eaf
default,00:00:46.860,46.86,00:00:48.030,48.03,00:00:01.170,1.17,1,/home/linlincheng/Gaze_estimation/gaze-automated-annotation/Lin_check/33006_sessie1_taskrobotEngagement.eaf
default,00:00:48.060,48.06,00:00:49.750,49.75,00:00:01.690,1.69,3,/home/linlincheng/Gaze_estimation/gaze-automated-annotation/Lin_check/33006_sessie1_taskrobotEngagement.eaf
default,00:00:49.770,49.77,00:00:52.980,52.98,00:00:03.210,3.21,1,/home/linlincheng/Gaze_estimation/gaze-automated-annotation/Lin_check/33006_sessie1_taskrobotEngagement.eaf
default,00:00:53.000,53.0,00:00:56.830,56.83,00:00:03.830,3.83,1,/home/linlincheng/Gaze_estimation/gaze-automated-annotation/Lin_check/33006_sessie1_taskrobotEngagement.eaf
default,00:00:56.860,56.86,00:01:02.590,62.59,00:00:05.730,5.73,2,/home/linlincheng/Gaze_estimation/gaze-automated-annotation/Lin_check/33006_sessie1_taskrobotEngagement.eaf
default,00:01:02.610,62.61,00:01:06.410,66.41,00:00:03.800,3.8,2,/home/linlincheng/Gaze_estimation/gaze-automated-annotation/Lin_check/33006_sessie1_taskrobotEngagement.eaf
default,00:01:06.460,66.46,00:01:07.930,67.93,00:00:01.470,1.47,4,/home/linlincheng/Gaze_estimation/gaze-automated-annotation/Lin_check/33006_sessie1_taskrobotEngagement.eaf
default,00:01:08.000,68.0,00:01:17.830,77.83,00:00:09.830,9.83,2,/home/linlincheng/Gaze_estimation/gaze-automated-annotation/Lin_check/33006_sessie1_taskrobotEngagement.eaf
default,00:01:17.840,77.84,00:01:20.390,80.39,00:00:02.550,2.55,1,/home/linlincheng/Gaze_estimation/gaze-automated-annotation/Lin_check/33006_sessie1_taskrobotEngagement.eaf
default,00:01:20.420,80.42,00:01:32.320,92.32,00:00:11.900,11.9,2,/home/linlincheng/Gaze_estimation/gaze-automated-annotation/Lin_check/33006_sessie1_taskrobotEngagement.eaf
default,00:01:32.450,92.45,00:01:33.240,93.24,00:00:00.790,0.79,3,/home/linlincheng/Gaze_estimation/gaze-automated-annotation/Lin_check/33006_sessie1_taskrobotEngagement.eaf
default,00:01:33.260,93.26,00:01:38.340,98.34,00:00:05.080,5.08,2,/home/linlincheng/Gaze_estimation/gaze-automated-annotation/Lin_check/33006_sessie1_taskrobotEngagement.eaf
default,00:01:38.390,98.39,00:01:41.440,101.44,00:00:03.050,3.05,4,/home/linlincheng/Gaze_estimation/gaze-automated-annotation/Lin_check/33006_sessie1_taskrobotEngagement.eaf
default,00:01:41.490,101.49,00:01:46.850,106.85,00:00:05.360,5.36,2,/home/linlincheng/Gaze_estimation/gaze-automated-annotation/Lin_check/33006_sessie1_taskrobotEngagement.eaf
default,00:01:46.880,106.88,00:01:49.560,109.56,00:00:02.680,2.68,1,/home/linlincheng/Gaze_estimation/gaze-automated-annotation/Lin_check/33006_sessie1_taskrobotEngagement.eaf
default,00:01:49.570,109.57,00:01:52.560,112.56,00:00:02.990,2.99,2,/home/linlincheng/Gaze_estimation/gaze-automated-annotation/Lin_check/33006_sessie1_taskrobotEngagement.eaf
default,00:01:52.580,112.58,00:01:56.640,116.64,00:00:04.060,4.06,1,/home/linlincheng/Gaze_estimation/gaze-automated-annotation/Lin_check/33006_sessie1_taskrobotEngagement.eaf
default,00:00:00.050,0.05,00:00:03.860,3.86,00:00:03.810,3.81,1,/home/linlincheng/Gaze_estimation/gaze-automated-annotation/Lin_check/33007_sessie1_taskrobotEngagement.eaf
default,00:00:03.860,3.86,00:00:05.920,5.92,00:00:02.060,2.06,3,/home/linlincheng/Gaze_estimation/gaze-automated-annotation/Lin_check/33007_sessie1_taskrobotEngagement.eaf
default,00:00:05.930,5.93,00:00:08.060,8.06,00:00:02.130,2.13,1,/home/linlincheng/Gaze_estimation/gaze-automated-annotation/Lin_check/33007_sessie1_taskrobotEngagement.eaf
default,00:00:08.090,8.09,00:00:19.390,19.39,00:00:11.300,11.3,1,/home/linlincheng/Gaze_estimation/gaze-automated-annotation/Lin_check/33007_sessie1_taskrobotEngagement.eaf
default,00:00:19.430,19.43,00:00:20.900,20.9,00:00:01.470,1.47,2,/home/linlincheng/Gaze_estimation/gaze-automated-annotation/Lin_check/33007_sessie1_taskrobotEngagement.eaf
default,00:00:20.910,20.91,00:00:23.700,23.7,00:00:02.790,2.79,4,/home/linlincheng/Gaze_estimation/gaze-automated-annotation/Lin_check/33007_sessie1_taskrobotEngagement.eaf
default,00:00:23.780,23.78,00:00:33.400,33.4,00:00:09.620,9.62,1,/home/linlincheng/Gaze_estimation/gaze-automated-annotation/Lin_check/33007_sessie1_taskrobotEngagement.eaf
default,00:00:33.430,33.43,00:00:43.260,43.26,00:00:09.830,9.83,1,/home/linlincheng/Gaze_estimation/gaze-automated-annotation/Lin_check/33007_sessie1_taskrobotEngagement.eaf
default,00:00:43.310,43.31,00:00:53.440,53.44,00:00:10.130,10.13,1,/home/linlincheng/Gaze_estimation/gaze-automated-annotation/Lin_check/33007_sessie1_taskrobotEngagement.eaf
default,00:00:53.470,53.47,00:01:02.730,62.73,00:00:09.260,9.26,1,/home/linlincheng/Gaze_estimation/gaze-automated-annotation/Lin_check/33007_sessie1_taskrobotEngagement.eaf
default,00:01:02.730,62.73,00:01:05.110,65.11,00:00:02.380,2.38,1,/home/linlincheng/Gaze_estimation/gaze-automated-annotation/Lin_check/33007_sessie1_taskrobotEngagement.eaf
default,00:01:05.130,65.13,00:01:05.780,65.78,00:00:00.650,0.65,3,/home/linlincheng/Gaze_estimation/gaze-automated-annotation/Lin_check/33007_sessie1_taskrobotEngagement.eaf
default,00:01:05.780,65.78,00:01:16.360,76.36,00:00:10.580,10.58,4,/home/linlincheng/Gaze_estimation/gaze-automated-annotation/Lin_check/33007_sessie1_taskrobotEngagement.eaf
default,00:01:16.370,76.37,00:01:18.880,78.88,00:00:02.510,2.51,4,/home/linlincheng/Gaze_estimation/gaze-automated-annotation/Lin_check/33007_sessie1_taskrobotEngagement.eaf
default,00:01:18.880,78.88,00:01:21.180,81.18,00:00:02.300,2.3,1,/home/linlincheng/Gaze_estimation/gaze-automated-annotation/Lin_check/33007_sessie1_taskrobotEngagement.eaf
default,00:01:21.180,81.18,00:01:25.020,85.02,00:00:03.840,3.84,3,/home/linlincheng/Gaze_estimation/gaze-automated-annotation/Lin_check/33007_sessie1_taskrobotEngagement.eaf
default,00:01:25.030,85.03,00:01:29.090,89.09,00:00:04.060,4.06,2,/home/linlincheng/Gaze_estimation/gaze-automated-annotation/Lin_check/33007_sessie1_taskrobotEngagement.eaf
default,00:01:29.100,89.1,00:01:30.090,90.09,00:00:00.990,0.99,1,/home/linlincheng/Gaze_estimation/gaze-automated-annotation/Lin_check/33007_sessie1_taskrobotEngagement.eaf
default,00:01:30.090,90.09,00:01:33.700,93.7,00:00:03.610,3.61,1,/home/linlincheng/Gaze_estimation/gaze-automated-annotation/Lin_check/33007_sessie1_taskrobotEngagement.eaf
default,00:01:33.720,93.72,00:01:38.180,98.18,00:00:04.460,4.46,2,/home/linlincheng/Gaze_estimation/gaze-automated-annotation/Lin_check/33007_sessie1_taskrobotEngagement.eaf
default,00:01:38.220,98.22,00:01:39.730,99.73,00:00:01.510,1.51,3,/home/linlincheng/Gaze_estimation/gaze-automated-annotation/Lin_check/33007_sessie1_taskrobotEngagement.eaf
default,00:01:39.810,99.81,00:01:43.100,103.1,00:00:03.290,3.29,1,/home/linlincheng/Gaze_estimation/gaze-automated-annotation/Lin_check/33007_sessie1_taskrobotEngagement.eaf
default,00:01:43.120,103.12,00:01:47.050,107.05,00:00:03.930,3.93,3,/home/linlincheng/Gaze_estimation/gaze-automated-annotation/Lin_check/33007_sessie1_taskrobotEngagement.eaf
